Array Size,Key Comparisons,Elapsed Time
1000,10116,0.001000
10000,123228,0.002000
100000,1560055,0.024000
1000000,18139699,0.261000
10000000,190154635,2.820000
