Array Size,Key Comparisons,Elapsed Time
1000,10011,0.000000
10000,139457,0.002000
100000,1780434,0.024000
1000000,18140359,0.279000
10000000,206052793,2.774000
