Threshold Size,Key comparisons,Execution time
1,159152093,3.006000
6,160166986,2.574000
11,165475226,2.436000
16,165478937,2.403000
21,181400060,2.359000
26,181401914,2.358000
31,181398094,2.354000
36,181402958,2.362000
41,220416836,2.510000
46,220380443,2.500000
51,220389822,2.526000
56,220384126,2.524000
61,220381784,2.503000
66,220384052,2.519000
71,220392603,2.511000
76,306566680,3.034000
81,306571451,3.039000
86,306563662,3.038000
91,306506302,3.036000
96,306496649,3.047000
