Array Size,Key comparisons,Execution time
1000,10163,0.000000
10000,125820,0.002000
100000,1559660,0.025000
1000000,18135941,0.259000
10000000,190147298,2.853000
