Array Size,Key Comparisons,Elapsed Time
1000,8343,0.000000
10000,116598,0.004000
100000,1456646,0.036000
1000000,16587796,0.355000
10000000,183833360,3.802000
