Array Size,Key Comparisons,Execution Time
1000,8329,0.001000
10000,116599,0.004000
100000,1456616,0.040000
1000000,16588795,0.395000
10000000,183832808,4.386000
