Array Size,Key comparisons,Execution time
1000,8702,0.002000
10000,119017,0.004000
100000,1456616,0.036000
1000000,16588795,0.375000
10000000,183832808,3.929000
