Array Size,Key Comparisons,Execution Time
1000,10062,0.000000
10000,123135,0.002000
100000,1559660,0.025000
1000000,18135941,0.284000
10000000,190147298,3.082000
