Threshold Size,Key Comparisons,Execution Time
1,183832799,3.777000
2,183833445,3.537000
4,184840487,3.216000
8,186883979,3.339000
16,190159129,3.352000
32,206050157,2.989000
64,244993500,3.327000
128,331085999,3.976000
256,512236122,5.233000
512,884023834,7.941000
