Array Size,Key Comparisons,Elapsed Time
1000,9786,0.000000
10000,139844,0.002000
100000,1685148,0.028000
1000000,18137817,0.256000
10000000,206043989,2.771000
