Array Size,Key Comparisons,Elapsed Time
1000,12849,0.000000
10000,180141,0.002000
100000,1782457,0.025000
1000000,21103343,0.274000
10000000,244982954,2.915000
