Array Size,Key Comparisons,Elapsed Time
1000,8367,0.000000
10000,116616,0.004000
100000,1456052,0.035000
1000000,16589370,0.364000
10000000,183833418,3.693000
