Vertices,Edges,Start Vertex,Elapsed Time
100,9013,0.000190
200,36044,0.000725
300,80932,0.001643
400,143899,0.002808
500,224974,0.004362
600,324012,0.006278
700,441127,0.008481
800,576143,0.011035
900,729302,0.013934
1000,900256,0.017186
1100,1089369,0.020937
1200,1296101,0.025170
1300,1521187,0.029228
1400,1764153,0.034603
1500,2025208,0.039117
1600,2304143,0.045011
1700,2600943,0.050536
1800,2916157,0.057295
