Threshold Size,Key comparisons,Execution time 
1,6853926,0.163000
2,6853975,0.167000
4,6854127,0.170000
8,6852812,0.165000
16,6853451,0.162000
32,6853956,0.161000
64,6853729,0.159000
128,6854045,0.160000
256,6853415,0.160000
512,6852794,0.162000
1024,6853144,0.158000
2048,6852727,0.164000
4096,6852782,0.159000
8192,6853509,0.158000
16384,6853250,0.158000
32768,6853719,0.158000
65536,6852767,0.166000
131072,6852318,0.158000
262144,6854473,0.160000
