Threshold Size,Key comparisons,Execution time 
1,6853926,0.137000
2,6854157,0.133000
4,6881115,0.122000
8,7053219,0.111000
16,7628465,0.109000
32,9112054,0.116000
64,12470685,0.133000
128,19622335,0.181000
256,34447759,0.281000
512,64429716,0.488000
1024,124829181,0.914000
2048,246519844,1.815000
4096,490493151,3.570000
8192,977777516,7.186000
16384,1953293112,15.564000
32768,3904960170,32.133000
65536,7804798784,62.981000
131072,15622894501,121.443000
262144,31239980863,240.208000
